lat,lon,location
-23.460229,-66.111893,
42.3171786,-121.9421194,"Klamath County, United States"
41.883341,-87.636984,"Chicago, United States"
0.077767,36.97554,"Laikipia North, Kenya"
48.385897,-124.726639,"Clallam County, United States"
-24.183274,-65.305017,"San Salvador de Jujuy, Argentina"
42.072087,-73.930014,"Town of Saugerties, United States"
-54.90494,-67.37462,"Departamento Ushuaia, Argentina"
-4.337364,39.569333,"Ukunda ward, Kenya"
-1.3761296,36.7460483,"Nairobi, Kenya"
-34.43799,-58.64324,"Nordelta, Argentina"
38.533013,-77.235945,"Charles County, United States"
19.428276,-99.167363,"Ciudad de México, Mexico"
21.282274,-157.827522,"Honolulu, United States"
-24.44934,-65.250383,"El Carmen, Argentina"
35.689457,139.68948,"Tokyo, Japan"
0.826944,37.541389,"Wamba East ward, Kenya"
49.002089,-122.756254,"Blaine, United States"
40.448208,116.553786,"Huairou, China"
22.030457,100.760808,"Jinghong, China"
32.78893,-97.346734,"Fort Worth, United States"
27.166598,100.240789,"Lijiang, China"
-34.812758,-58.538878,"Aeropuerto Internacional Ezeiza, Argentina"
22.265811,114.184626,"Hong Kong, China"
-23.742813,-65.501782,"Purmamarca, Argentina"
36.60914,-121.845616,"Seaside, United States"
-54.874053,-67.330225,"Departamento Ushuaia, Argentina"
31.216068,121.546239,"Pudong, China"
22.017517,100.765302,"Jinghong, China"
35.765284,140.385524,"Narita, Japan"
43.10822,-124.434609,"Bandon, United States"
29.317103,110.430043,"Luoguta, China"
34.685211,135.8399,"Nara, Japan"
-34.605484,-58.360316,"Comuna 1, Argentina"
25.970501,100.148589,"Dali, China"
-23.399458,-66.365708,"Susques, Argentina"
22.180451,113.531052,"Macau, China"
32.961556,-117.268416,"Del Mar, United States"
40.82796,14.425498,"Ercolano, Italy"
42.447558,-76.485791,"Ithaca, United States"
40.752007,-74.001048,"New York, United States"
43.776989,11.258705,"Florence, Italy"
41.361176,2.179532,"Barcelona, Spain"
22.179747,113.533001,"Macau, China"
48.905862,-121.807992,"Whatcom County, United States"
43.741274,7.430501,"Monaco, Monaco"
32.784056,-96.802874,"Dallas, United States"
22.18761,113.86776,
-23.763551,-65.476757,"Purmamarca, Argentina"
32.850615,-97.48891,"Fort Worth, United States"
40.74839,14.48837,"Pompei, Italy"
41.414732,2.154293,"Barcelona, Spain"
-24.887328,-65.701781,"Campo Quijano, Argentina"
35.764256,140.38521,"Narita, Japan"
41.982359,-73.432181,"Salisbury, United States"
29.33666,110.42929,"Luoguta, China"
42.36123,-71.082565,"Cambridge, United States"
25.78034,-80.12928,"Miami Beach, United States"
32.467648,-116.873887,"Hacienda Casa Grande, Mexico"
41.374404,2.149558,"Barcelona, Spain"
36.061634,-112.107782,"Coconino County, United States"
0.72423,37.59791,
43.342978,5.337143,"Marseille, France"
-50.312287,-72.248844,"El Calafate, Argentina"
40.738834,-73.886818,"New York, United States"
-34.611511,-58.358367,"Comuna 1, Argentina"
0.074707,36.97394,"Laikipia North, Kenya"
41.860158,-87.617568,"Chicago, United States"
42.375578,-71.114245,"Cambridge, United States"
46.575125,-120.490076,"Yakima, United States"
42.371134,-71.096577,"Cambridge, United States"
26.05169,101.70923,"Yongren, China"
32.93344,-97.0785,"Grapevine, United States"
37.828919,-82.836712,"Johnson County, United States"
37.799565,-79.419719,"Lexington, United States"
43.761069,-105.47786,"Wright, United States"
19.428628,-99.167174,"Calle Río Danubio, Mexico"
38.924834,-110.375885,"Emery County, United States"
48.866023,-121.67761,"Whatcom County, United States"
44.108449,-103.20282,"Rapid City, United States"
30.239546,-92.619327,"Jefferson Davis Parish, United States"
41.879656,-87.636937,"Chicago, United States"
41.82727,-71.40746,"Providence, United States"
39.448028,-77.987986,"Martinsburg, United States"
34.41304,135.29359,"Izumisano, Japan"
48.457514,-122.381389,"Burlington, United States"
32.746183,-97.349725,"Fort Worth, United States"
40.220859,-122.252318,"Red Bluff, United States"
40.727928,-74.129935,"Newark, United States"
36.11179,-115.44976,"Clark County, United States"
48.296306,-124.406417,"Clallam County, United States"
25.78847,-80.208,"Miami, United States"
39.63936,-75.78402,"New Castle County, United States"
25.788551,-80.20769,"Miami, United States"
39.255794,-119.916879,"Washoe County, United States"
35.913585,-121.4698,"Monterey County, United States"
35.220137,-80.946849,"Charlotte, United States"
40.8045972,-73.9640738,"New York, United States"
41.8267653,-71.4046134,"Providence, United States"
34.0840929,-118.2204883,"Los Angeles, United States"
46.9249352,-120.5090486,"Kittitas County, United States"
33.6400679,-84.4455025,"Clayton County, United States"
36.35003,-117.53537,"Inyo County, United States"
35.3675,-120.85081,"Morro Bay, United States"
37.4899104,-119.9703223,"Mariposa, United States"
35.0055556,-117.7186111,"Kern County, United States"
40.882372,-123.547388,"Trinity Village, United States"
39.23551,-120.02554,"Kings Beach, United States"
37.71361,-119.72722,"Mariposa County, United States"
40.82569,-121.51338,"Shasta County, United States"
37.4846809,-119.9642373,"Mariposa, United States"
38.0269193,-122.8828462,"Marin County, United States"
37.7306512,-119.5736396,"Curry Village, United States"
45.4831286,-123.8441754,"Tillamook County, United States"
46.74962,-121.81388,"Pierce County, United States"
32.8038439,-97.4639678,"Fort Worth, United States"
48.7753774,-122.4520392,"Bellingham, United States"
43.5989846,-124.1802582,"Lakeside, United States"
46.53221,-122.73755,"Lewis County, United States"
39.30968,-123.81028,"Mendocino, United States"
25.7873143,-80.179654,"Miami, United States"
40.65534,-73.97166,"New York, United States"
37.6016028,-122.3825022,"Millbrae, United States"
41.3109682,-72.9280933,"New Haven, United States"
46.5751252,-120.4900757,"Yakima, United States"
38.2346081,-81.4941152,"Kanawha County, United States"
39.0786526,-75.9788193,"Centreville, United States"
44.12562,-124.12577,"Lane County, United States"
48.1209701,-123.4280729,"Port Angeles, United States"
43.8317909,-124.1512373,"Douglas County, United States"
37.7927531,-122.4042787,"San Francisco, United States"
40.759047,-73.979586,"New York, United States"
37.8001887,-122.330177,"Oakland, United States"
29.16576,-103.6114,"Brewster County, United States"
29.42512,-98.48858,"San Antonio, United States"
36.60469,-117.10673,"Inyo County, United States"
37.8717712,-122.2529458,"Berkeley, United States"
42.1953456,-122.716224,"Ashland, United States"
25.78023302,-80.12926947,"Miami Beach, United States"
38.42882,-123.11651,"Sonoma County, United States"
36.13193,-115.42041,"Clark County, United States"
39.043137,-122.91286,"Lakeport, United States"
45.8846006,-123.9653817,"Cannon Beach, United States"
19.4243,-99.0785,"¡Ay Guey!, Mexico"
32.817089,-97.053215,"Fort Worth, United States"
42.3942407,-74.1525908,"Town of Durham, United States"
32.4769706,-116.8755674,"Municipio de Tijuana, Mexico"
35.13689,-120.64146,"Pismo Beach, United States"
48.0855736,-123.7431419,"Clallam County, United States"
32.81256,-96.95145,"Irving, United States"
40.561658,-121.530047,"Shasta County, United States"
42.74104,-122.51034,"Jackson County, United States"
35.1387869,138.6382375,"Fuji, Japan"
46.29126,-122.26446,"Cowlitz County, United States"
29.9073605,-96.918897,"Fayette County, United States"
43.5780704266636,-124.188611479371,"Coos County, United States"
32.7574285,-97.3343316,"Fort Worth, United States"
34.71715,-112.153393,"Yavapai County, United States"
41.195677,-74.1843458,"Town of Tuxedo, United States"
48.0679476,-123.9156787,"Clallam County, United States"
38.533369,-123.0007417,"Sonoma County, United States"
31.2228183,121.3489328,"Changning District, China"
-1.2632543,36.8391581,"Nairobi, Kenya"
-54.90478,-67.37504,"Departamento Ushuaia, Argentina"
42.67467,-122.67503,"Jackson County, United States"
41.31476,9.30679,
25.76653,-80.13121,"Miami Beach, United States"
21.307,-157.94575,"Waipahu, United States"
20.6312,-156.44649,"Maui County, United States"
-34.3997751,-58.656035,"Benavídez, Argentina"
35.1361071,138.6137576,"Fuji, Japan"
43.722909,10.393895,"Pisa, Italy"
39.00214,117.68019,"Binhai, China"
41.404602,2.175668,"Barcelona, Spain"
21.588006,-158.101321,"Haleʻiwa, United States"
41.6434,-74.64674,"Town of Thompson, United States"
39.36032,-123.81732,"Caspar, United States"
20.68164,-156.44316,"Wailea, United States"
34.15914,-118.16685,"Pasadena, United States"
-4.33425,39.56895,"Ukunda ward, Kenya"
25.5960197,100.2505855,"Dali, China"
34.84278,-111.82571,"Sedona, United States"
26.3928614,100.1654116,"Songgui, China"
36.15702913,-115.3614357,"Las Vegas, United States"
34.07417,-118.443,"Los Angeles, United States"
29.05045,110.4762,"Yongding, China"
-24.83896,-65.47685,"Capital, Argentina"
-50.47176,-73.03274,"Lago Argentino, Argentina"
40.34918,-74.65953,"Princeton, United States"
35.022885,135.762148,"Kyoto, Japan"
35.01551,135.78247,"Kyoto, Japan"
34.683535,135.834165,"Nara, Japan"
35.45175,139.63116,"Yokohama, Japan"
35.67454,139.76854,"Tokyo, Japan"
34.669067,135.501416,"Osaka, Japan"
22.546206,114.054525,"Shenzhen, China"
-34.438005,-58.643048,"Nordelta, Argentina"
39.026437,117.702486,"Binhai, China"
46.76824,-121.728448,"Lewis County, United States"
-50.464843,-73.034335,"Lago Argentino, Argentina"
-1.264904,36.80413,"Nairobi, Kenya"
0.8269,37.541389,"Wamba East ward, Kenya"
38.693099,-121.586778,"Sacramento County, United States"
41.36117,2.179532,"Barcelona, Spain"
25.970512,100.148589,"Dali, China"
-1.37612,36.746,"Nairobi, Kenya"
40.448208,116.55378,"Huairou, China"
-4.3373,39.56933,"Ukunda ward, Kenya"
36.0616,-112.1077,"Coconino County, United States"
-34.60548,-58.36031,"Comuna 1, Argentina"
0.0747,36.97394,"Laikipia North, Kenya"
42.36122,-71.08256,"Cambridge, United States"
40.0004,116.26811,"Haidian, China"
40.74839,14.4883,"Pompei, Italy"
-54.84424,-68.316155,"Ushuaia, Argentina"
39.6485663,-75.7336099,"Brookside, United States"
32.06414,118.8483,"Nanjing, China"
34.9937239,-106.6942332,"Albuquerque, United States"
-24.8841402,-65.5897921,"Campo Quijano, Argentina"
41.392377,2.1649856,"Barcelona, Spain"
34.7562987,-118.7956381,"Los Angeles County, United States"
29.69195,-98.11013,"New Braunfels, United States"
37.7581841,-122.2489956,"Alameda, United States"
42.318879,-121.817499,"Klamath County, United States"
43.6938638,-104.7793512,
